fch_147L_147V,fch_147L_147WG,fch_147L_165L,fch_147L_165V,fch_147L_165WG,fch_147L_291L,fch_147L_291V,fch_147L_291WG,fch_147V_147WG,fch_147V_165L,fch_147V_165V,fch_147V_165WG,fch_147V_291L,fch_147V_291V,fch_147V_291WG,fch_147WG_165L,fch_147WG_165V,fch_147WG_165WG,fch_147WG_291L,fch_147WG_291V,fch_147WG_291WG,fch_165L_165V,fch_165L_165WG,fch_165L_291L,fch_165L_291V,fch_165L_291WG,fch_165V_165WG,fch_165V_291L,fch_165V_291V,fch_165V_291WG,fch_165WG_291L,fch_165WG_291V,fch_165WG_291WG,fch_291L_291V,fch_291L_291WG,fch_291V_291WG
X256.2261_3.39_3941,X348.1756_0.4_5032,X564.304_2.81_9730,X276.1584_2.95_9190,X395.3142_3.19_4506,X268.1875_2.68_8782,X268.1875_2.68_8782,X268.1875_2.68_8782,X185.9595_0.25_1537,X445.3296_3.2_3195,X732.5512_3.71_9851,X395.3142_3.19_4506,X268.1875_2.68_8782,X268.1875_2.68_8782,X268.1875_2.68_8782,X445.3296_3.2_3195,X564.304_2.81_9730,X309.6628_3_9216,X268.1875_2.68_8782,X268.1875_2.68_8782,X268.1875_2.68_8782,X564.304_2.81_9730,X606.4474_3.26_3184,X268.1875_2.68_8782,X268.1875_2.68_8782,X268.1875_2.68_8782,X395.3142_3.19_4506,X268.1875_2.68_8782,X268.1875_2.68_8782,X268.1875_2.68_8782,X268.1875_2.68_8782,X268.1875_2.68_8782,X268.1875_2.68_8782,X309.6628_3_9216,X185.9595_0.25_1537,X185.9595_0.25_1537
X181.1581_3.28_3113,X256.2261_3.39_3941,X309.6628_3_9216,X477.3925_3.41_3134,X393.2991_3.16_2860,X254.2105_3.39_4624,X254.2105_3.39_4624,X254.2105_3.39_4624,X673.5249_3.3_9841,X564.304_2.81_9730,X419.3503_3.41_3241,X326.304_3.13_1936,X673.5249_3.3_9841,X673.5249_3.3_9841,X185.9595_0.25_1537,X564.304_2.81_9730,X500.2758_2.81_7384,X421.3298_3.28_3222,X445.3296_3.2_3195,X254.2105_3.39_4624,X185.9595_0.25_1537,X606.4474_3.26_3184,X560.3668_3.04_9237,X673.5249_3.3_9841,X673.5249_3.3_9841,X185.9595_0.25_1537,X393.2991_3.16_2860,X673.5249_3.3_9841,X673.5249_3.3_9841,X185.9595_0.25_1537,X673.5249_3.3_9841,X673.5249_3.3_9841,X185.9595_0.25_1537,X500.2758_2.81_7384,X309.6628_3_9216,X395.3142_3.19_4506
X657.2011_2.71_8426,X309.6628_3_9216,X732.5512_3.71_9851,X142.9479_0.3_6723,X309.6628_3_9216,X348.1756_0.4_5032,X256.2261_3.39_3941,X256.2261_3.39_3941,X348.1756_0.4_5032,X395.3142_3.19_4506,X258.1125_2.19_8597,X393.2991_3.16_2860,X445.3296_3.2_3195,X254.2105_3.39_4624,X673.5249_3.3_9841,X121.072_0.28_9144,X395.2756_3.01_9810,X320.1664_3_8043,X254.2105_3.39_4624,X564.304_2.81_9730,X254.2105_3.39_4624,X276.1584_2.95_9190,X309.6628_3_9216,X254.2105_3.39_4624,X254.2105_3.39_4624,X673.5249_3.3_9841,X309.6628_3_9216,X445.3296_3.2_3195,X254.2105_3.39_4624,X673.5249_3.3_9841,X445.3296_3.2_3195,X254.2105_3.39_4624,X673.5249_3.3_9841,X778.5329_3.62_8278,X421.3298_3.28_3222,X393.2991_3.16_2860
X447.3453_3.29_3028,X181.1581_3.28_3113,X419.3503_3.41_3241,X123.0553_0.3_4171,X421.3298_3.28_3222,X256.2261_3.39_3941,X309.6628_3_9216,X309.6628_3_9216,X395.3142_3.19_4506,X393.2991_3.16_2860,X256.2261_3.39_3941,X309.6628_3_9216,X254.2105_3.39_4624,X256.2261_3.39_3941,X254.2105_3.39_4624,X500.2758_2.81_7384,X477.3925_3.41_3134,X395.2756_3.01_9810,X564.304_2.81_9730,X256.2261_3.39_3941,X256.2261_3.39_3941,X477.3925_3.41_3134,X421.3298_3.28_3222,X348.1756_0.4_5032,X564.304_2.81_9730,X254.2105_3.39_4624,X421.3298_3.28_3222,X254.2105_3.39_4624,X256.2261_3.39_3941,X254.2105_3.39_4624,X254.2105_3.39_4624,X564.304_2.81_9730,X254.2105_3.39_4624,X445.3296_3.2_3195,X395.2756_3.01_9810,X421.3298_3.28_3222
X142.9479_0.3_6723,X590.3197_2.86_9649,X369.1813_2.93_9633,X732.5512_3.71_9851,X395.2756_3.01_9810,X181.1581_3.28_3113,X181.1581_3.28_3113,X181.1581_3.28_3113,X256.2261_3.39_3941,X309.6628_3_9216,X447.3453_3.29_3028,X512.3336_2.81_5890,X348.1756_0.4_5032,X309.6628_3_9216,X395.3142_3.19_4506,X247.1282_0.5_1402,X590.3197_2.86_9649,X510.3905_3.03_3063,X256.2261_3.39_3941,X181.1581_3.28_3113,X181.1581_3.28_3113,X142.9479_0.3_6723,X320.1664_3_8043,X606.4474_3.26_3184,X606.4474_3.26_3184,X606.4474_3.26_3184,X320.1664_3_8043,X348.1756_0.4_5032,X309.6628_3_9216,X395.3142_3.19_4506,X348.1756_0.4_5032,X256.2261_3.39_3941,X256.2261_3.39_3941,X348.1756_0.4_5032,X451.3773_3.42_7996,X320.1664_3_8043
X123.0553_0.3_4171,X455.3329_3.21_9071,X185.9595_0.25_1537,X419.3503_3.41_3241,X276.1584_2.95_9190,X500.2758_2.81_7384,X455.3329_3.21_9071,X421.3298_3.28_3222,X393.2991_3.16_2860,X395.2756_3.01_9810,X605.314_4.01_10145,X421.3298_3.28_3222,X395.3142_3.19_4506,X181.1581_3.28_3113,X256.2261_3.39_3941,X395.2756_3.01_9810,X455.3329_3.21_9071,X478.2913_2.85_6377,X181.1581_3.28_3113,X500.2758_2.81_7384,X421.3298_3.28_3222,X123.0553_0.3_4171,X395.2756_3.01_9810,X256.2261_3.39_3941,X256.2261_3.39_3941,X256.2261_3.39_3941,X395.2756_3.01_9810,X395.3142_3.19_4506,X181.1581_3.28_3113,X256.2261_3.39_3941,X564.304_2.81_9730,X309.6628_3_9216,X309.6628_3_9216,X395.3142_3.19_4506,X331.6742_2.99_8022,X395.2756_3.01_9810
X605.314_4.01_10145,X142.9479_0.3_6723,X673.5249_3.3_9841,X185.9595_0.25_1537,X532.336_2.95_9135,X276.1584_2.95_9190,X218.1383_0.39_1979,X395.2756_3.01_9810,X309.6628_3_9216,X657.2011_2.71_8426,X369.1813_2.93_9633,X320.1664_3_8043,X256.2261_3.39_3941,X778.5329_3.62_8278,X326.304_3.13_1936,X590.3197_2.86_9649,X478.2913_2.85_6377,X274.1757_2.17_6453,X500.2758_2.81_7384,X477.3925_3.41_3134,X395.2756_3.01_9810,X445.3296_3.2_3195,X276.1584_2.95_9190,X121.072_0.28_9144,X560.3668_3.04_9237,X181.1581_3.28_3113,X451.3773_3.42_7996,X256.2261_3.39_3941,X447.3453_3.29_3028,X393.2991_3.16_2860,X256.2261_3.39_3941,X181.1581_3.28_3113,X181.1581_3.28_3113,X393.2991_3.16_2860,X510.3905_3.03_3063,X477.3925_3.41_3134
X258.1125_2.19_8597,X123.0553_0.3_4171,X606.4474_3.26_3184,X673.5249_3.3_9841,X331.6742_2.99_8022,X451.3773_3.42_7996,X142.9479_0.3_6723,X510.3905_3.03_3063,X510.3905_3.03_3063,X447.3453_3.29_3028,,X395.2756_3.01_9810,X393.2991_3.16_2860,X455.3329_3.21_9071,X393.2991_3.16_2860,X455.3329_3.21_9071,X526.2913_2.85_4038,X365.2672_3.09_7645,X451.3773_3.42_7996,X590.3197_2.86_9649,X732.5512_3.71_9851,X395.3142_3.19_4506,X331.6742_2.99_8022,X181.1581_3.28_3113,X181.1581_3.28_3113,X421.3298_3.28_3222,X331.6742_2.99_8022,X393.2991_3.16_2860,X455.3329_3.21_9071,X309.6628_3_9216,X393.2991_3.16_2860,X320.1664_3_8043,X395.2756_3.01_9810,,X657.2011_2.71_8426,X1061.6514_2.86_9038
X185.9595_0.25_1537,X478.2913_2.85_6377,X123.0553_0.3_4171,X445.3296_3.2_3195,X510.3905_3.03_3063,X331.6742_2.99_8022,X123.0553_0.3_4171,X657.2011_2.71_8426,X477.3925_3.41_3134,X732.5512_3.71_9851,,X276.1584_2.95_9190,X181.1581_3.28_3113,X272.2573_2.71_552,X309.6628_3_9216,X478.2913_2.85_6377,X419.3503_3.41_3241,X445.3293_3.09_2249,X331.6742_2.99_8022,X218.1383_0.39_1979,X848.5743_3.6_10208,X393.2991_3.16_2860,X510.3905_3.03_3063,X395.2756_3.01_9810,X578.4162_3.13_3096,X320.1664_3_8043,X510.3905_3.03_3063,X181.1581_3.28_3113,X272.2573_2.71_552,X181.1581_3.28_3113,X181.1581_3.28_3113,X500.2758_2.81_7384,X510.3905_3.03_3063,,X590.3197_2.86_9649,X311.1611_3_8024
X673.5249_3.3_9841,X526.2913_2.85_4038,,X395.3142_3.19_4506,X311.1611_3_8024,X142.9479_0.3_6723,X272.2573_2.71_552,X1061.6514_2.86_9038,X447.3453_3.29_3028,X419.3503_3.41_3241,,X451.3773_3.42_7996,X276.1584_2.95_9190,X732.5512_3.71_9851,X181.1581_3.28_3113,X526.2913_2.85_4038,X258.1125_2.19_8597,X477.2091_2.38_6951,X590.3197_2.86_9649,X478.2913_2.85_6377,X317.246_3.15_4787,X309.6628_3_9216,X311.1611_3_8024,X276.1584_2.95_9190,X500.2758_2.81_7384,X395.2756_3.01_9810,X477.3925_3.41_3134,X395.2756_3.01_9810,X732.5512_3.71_9851,X421.3298_3.28_3222,X320.1664_3_8043,X395.2756_3.01_9810,X657.2011_2.71_8426,,X455.3329_3.21_9071,X590.3197_2.86_9649
X445.3296_3.2_3195,X732.5512_3.71_9851,,X393.2991_3.16_2860,X142.9479_0.3_6723,X123.0553_0.3_4171,X185.9595_0.25_1537,X590.3197_2.86_9649,X311.1611_3_8024,X369.1813_2.93_9633,,X331.6742_2.99_8022,X657.2011_2.71_8426,X605.314_4.01_10145,X512.3336_2.81_5890,X732.5512_3.71_9851,X185.9595_0.25_1537,X249.1119_2.35_9523,X526.2913_2.85_4038,X526.2913_2.85_4038,X864.5688_3.55_9342,X447.3453_3.29_3028,X142.9479_0.3_6723,X451.3773_3.42_7996,X395.2756_3.01_9810,X276.1584_2.95_9190,X447.3453_3.29_3028,X331.6742_2.99_8022,X419.3503_3.41_3241,X395.2756_3.01_9810,X500.2758_2.81_7384,X451.3773_3.42_7996,X1061.6514_2.86_9038,,X566.3202_2.87_8042,X478.2913_2.85_6377
X395.3142_3.19_4506,X791.5394_4.11_9746,,X447.3453_3.29_3028,X478.2913_2.85_6377,X185.9595_0.25_1537,X445.3296_3.2_3195,X455.3329_3.21_9071,X590.3197_2.86_9649,X511.3592_3.32_10116,,X510.3905_3.03_3063,X778.5329_3.62_8278,X369.1813_2.93_9633,X421.3298_3.28_3222,X419.3503_3.41_3241,X673.5249_3.3_9841,X427.2309_2.56_4479,X185.9595_0.25_1537,X185.9595_0.25_1537,X764.6159_4.78_9837,X369.1813_2.93_9633,X478.2913_2.85_6377,X447.3453_3.29_3028,X276.1584_2.95_9190,X510.3905_3.03_3063,X311.1611_3_8024,X447.3453_3.29_3028,X258.1125_2.19_8597,X510.3905_3.03_3063,X395.2756_3.01_9810,X331.6742_2.99_8022,X590.3197_2.86_9649,,X478.2913_2.85_6377,X526.2913_2.85_4038
X393.2991_3.16_2860,X263.127_2.42_2465,,X369.1813_2.93_9633,X1015.6683_2.89_8001,X778.5329_3.62_8278,X395.3142_3.19_4506,X142.9479_0.3_6723,X455.3329_3.21_9071,X606.4474_3.26_3184,,X477.3925_3.41_3134,X732.5512_3.71_9851,X258.1125_2.19_8597,X320.1664_3_8043,X258.1125_2.19_8597,X348.1756_0.4_5032,X265.1044_2.33_9783,X309.6628_3_9216,X348.1756_0.4_5032,X806.5504_3.26_8078,X511.3592_3.32_10116,X274.1757_2.17_6453,X142.9479_0.3_6723,X447.3453_3.29_3028,X657.2011_2.71_8426,X478.2913_2.85_6377,X778.5329_3.62_8278,,X657.2011_2.71_8426,X532.336_2.95_9135,X510.3905_3.03_3063,X123.0553_0.3_4171,,X526.2913_2.85_4038,X732.5512_3.71_9851
X511.3592_3.32_10116,X449.3243_2.78_3090,,X511.3592_3.32_10116,X274.1757_2.17_6453,X732.5512_3.71_9851,X393.2991_3.16_2860,X123.0553_0.3_4171,X478.2913_2.85_6377,X256.2261_3.39_3941,,X447.3453_3.29_3028,X605.314_4.01_10145,,X395.2756_3.01_9810,X511.3592_3.32_10116,X395.3142_3.19_4506,X263.127_2.42_2465,X778.5329_3.62_8278,X395.3142_3.19_4506,X272.2573_2.71_552,,X365.2672_3.09_7645,X123.0553_0.3_4171,X681.8574_2.22_9039,X1061.6514_2.86_9038,X274.1757_2.17_6453,X732.5512_3.71_9851,,X477.3925_3.41_3134,X451.3773_3.42_7996,X477.3925_3.41_3134,X526.2913_2.85_4038,,X732.5512_3.71_9851,X848.5743_3.6_10208
,X463.3034_2.63_3031,,,X365.2672_3.09_7645,X369.1813_2.93_9633,X732.5512_3.71_9851,X478.2913_2.85_6377,X526.2913_2.85_4038,X142.9479_0.3_6723,,X311.1611_3_8024,X369.1813_2.93_9633,,X510.3905_3.03_3063,X185.9595_0.25_1537,X256.2261_3.39_3941,X449.2135_2.6_8631,X732.5512_3.71_9851,X393.2991_3.16_2860,X348.1756_0.4_5032,,X445.3293_3.09_2249,X272.2573_2.71_552,X455.3329_3.21_9071,X590.3197_2.86_9649,X365.2672_3.09_7645,X419.3503_3.41_3241,,X447.3453_3.29_3028,X331.6742_2.99_8022,X447.3453_3.29_3028,X732.5512_3.71_9851,,X848.5743_3.6_10208,X317.246_3.15_4787
,X864.5688_3.55_9342,,,X445.3293_3.09_2249,X258.1125_2.19_8597,X369.1813_2.93_9633,X526.2913_2.85_4038,X732.5512_3.71_9851,X123.0553_0.3_4171,,X142.9479_0.3_6723,X258.1125_2.19_8597,,X477.3925_3.41_3134,X673.5249_3.3_9841,X393.2991_3.16_2860,X322.1756_2.23_2104,X791.5394_4.11_9746,X732.5512_3.71_9851,X778.5329_3.62_8278,,X477.2091_2.38_6951,X309.6628_3_9216,X142.9479_0.3_6723,X455.3329_3.21_9071,X445.3293_3.09_2249,X258.1125_2.19_8597,,X1061.6514_2.86_9038,X510.3905_3.03_3063,X1061.6514_2.86_9038,X848.5743_3.6_10208,,X317.246_3.15_4787,X449.3243_2.78_3090
,X463.3034_2.76_4008,,,X477.2091_2.38_6951,X511.3592_3.32_10116,X258.1125_2.19_8597,X732.5512_3.71_9851,X791.5394_4.11_9746,X605.314_4.01_10145,,X478.2913_2.85_6377,,,X447.3453_3.29_3028,X348.1756_0.4_5032,X309.6628_3_9216,X395.2046_2.63_6321,X263.127_2.42_2465,X791.5394_4.11_9746,X791.5394_4.11_9746,,X249.1119_2.35_9523,X778.5329_3.62_8278,X123.0553_0.3_4171,X142.9479_0.3_6723,X477.2091_2.38_6951,,,X590.3197_2.86_9649,X447.3453_3.29_3028,X311.1611_3_8024,X317.246_3.15_4787,,X449.3243_2.78_3090,X463.3034_2.63_3031
,X449.3245_2.85_3249,,,X249.1119_2.35_9523,,X511.3592_3.32_10116,X848.5743_3.6_10208,X263.127_2.42_2465,,,X274.1757_2.17_6453,,,X1061.6514_2.86_9038,X606.4474_3.26_3184,X447.3453_3.29_3028,X677.5479_4.09_9570,X369.1813_2.93_9633,X263.127_2.42_2465,X263.127_2.42_2465,,X427.2309_2.56_4479,X732.5512_3.71_9851,X272.2573_2.71_552,X123.0553_0.3_4171,X249.1119_2.35_9523,,,X455.3329_3.21_9071,X1061.6514_2.86_9038,X590.3197_2.86_9649,X864.5688_3.55_9342,,X463.3034_2.63_3031,X864.5688_3.55_9342
,X766.6305_4.8_9226,,,X427.2309_2.56_4479,,,X317.246_3.15_4787,X449.3243_2.78_3090,,,X365.2672_3.09_7645,,,X311.1611_3_8024,X256.2261_3.39_3941,X791.5394_4.11_9746,X283.1148_2.23_9537,X449.3243_2.78_3090,X369.1813_2.93_9633,X369.1813_2.93_9633,,X265.1044_2.33_9783,X419.3503_3.41_3241,X445.3296_3.2_3195,X478.2913_2.85_6377,X427.2309_2.56_4479,,,X478.2913_2.85_6377,X311.1611_3_8024,X778.5329_3.62_8278,X764.6159_4.78_9837,,X864.5688_3.55_9342,X449.3245_2.85_3249
,X445.2936_2.97_4175,,,X265.1044_2.33_9783,,,X449.3243_2.78_3090,X463.3034_2.63_3031,,,X445.3293_3.09_2249,,,X590.3197_2.86_9649,X142.9479_0.3_6723,X263.127_2.42_2465,X217.1908_2.2_5690,X463.3034_2.63_3031,X449.3243_2.78_3090,X463.3034_2.76_4008,,X263.127_2.42_2465,X369.1813_2.93_9633,X395.3142_3.19_4506,X526.2913_2.85_4038,X265.1044_2.33_9783,,,X526.2913_2.85_4038,X590.3197_2.86_9649,X123.0553_0.3_4171,X445.2936_2.97_4175,,X449.3245_2.85_3249,X764.6159_4.78_9837
,X447.3091_3.03_8447,,,X263.127_2.42_2465,,,X463.3034_2.63_3031,X864.5688_3.55_9342,,,X477.2091_2.38_6951,,,X455.3329_3.21_9071,X123.0553_0.3_4171,X369.1813_2.93_9633,X395.205_2.58_4511,X864.5688_3.55_9342,X463.3034_2.63_3031,X766.6305_4.8_9226,,X449.2135_2.6_8631,X258.1125_2.19_8597,X393.2991_3.16_2860,X848.5743_3.6_10208,X263.127_2.42_2465,,,X732.5512_3.71_9851,X566.3202_2.87_8042,X478.2913_2.85_6377,X806.5504_3.26_8078,,X764.6159_4.78_9837,X445.2936_2.97_4175
,X447.3086_3_2365,,,X449.2135_2.6_8631,,,X864.5688_3.55_9342,X463.3034_2.76_4008,,,X249.1119_2.35_9523,,,X142.9479_0.3_6723,X791.5394_4.11_9746,X449.3243_2.78_3090,X595.4317_3.87_9306,X463.3034_2.76_4008,X864.5688_3.55_9342,,,X322.1756_2.23_2104,X511.3592_3.32_10116,X732.5512_3.71_9851,X317.246_3.15_4787,X449.2135_2.6_8631,,,X848.5743_3.6_10208,X123.0553_0.3_4171,X526.2913_2.85_4038,X447.3091_3.03_8447,,X445.2936_2.97_4175,X806.5504_3.26_8078
,X445.3296_3.2_3195,,,X322.1756_2.23_2104,,,X449.3245_2.85_3249,X449.3245_2.85_3249,,,X427.2309_2.56_4479,,,X478.2913_2.85_6377,X263.127_2.42_2465,X463.3034_2.63_3031,X294.2406_2.73_9626,X449.3245_2.85_3249,X463.3034_2.76_4008,,,X395.2046_2.63_6321,,X419.3503_3.41_3241,X449.3243_2.78_3090,X322.1756_2.23_2104,,,X317.246_3.15_4787,X478.2913_2.85_6377,X272.2573_2.71_552,X447.3086_3_2365,,X806.5504_3.26_8078,X447.3091_3.03_8447
,X564.304_2.81_9730,,,X395.2046_2.63_6321,,,X764.6159_4.78_9837,X766.6305_4.8_9226,,,X265.1044_2.33_9783,,,X526.2913_2.85_4038,X449.3243_2.78_3090,X864.5688_3.55_9342,X773.5277_3.87_9322,X766.6305_4.8_9226,X449.3245_2.85_3249,,,X677.5479_4.09_9570,,X369.1813_2.93_9633,X463.3034_2.63_3031,X395.2046_2.63_6321,,,X449.3243_2.78_3090,X526.2913_2.85_4038,X395.3142_3.19_4506,X272.2573_2.71_552,,X447.3091_3.03_8447,X447.3086_3_2365
,X500.2758_2.81_7384,,,X677.5479_4.09_9570,,,X445.2936_2.97_4175,X445.2936_2.97_4175,,,X263.127_2.42_2465,,,X732.5512_3.71_9851,X463.3034_2.63_3031,X463.3034_2.76_4008,X764.6162_4.36_9228,X445.2936_2.97_4175,X766.6305_4.8_9226,,,X283.1148_2.23_9537,,X258.1125_2.19_8597,X864.5688_3.55_9342,X677.5479_4.09_9570,,,X463.3034_2.63_3031,X272.2573_2.71_552,X393.2991_3.16_2860,X274.1757_2.17_6453,,X447.3086_3_2365,X564.304_2.81_9730
,X258.1125_2.19_8597,,,X283.1148_2.23_9537,,,X806.5504_3.26_8078,X447.3091_3.03_8447,,,X449.2135_2.6_8631,,,X848.5743_3.6_10208,X864.5688_3.55_9342,X449.3245_2.85_3249,X245.2216_2.42_5149,X447.3091_3.03_8447,X445.2936_2.97_4175,,,X449.3243_2.78_3090,,X511.3592_3.32_10116,X449.3245_2.85_3249,X283.1148_2.23_9537,,,X864.5688_3.55_9342,X309.6628_3_9216,X421.3298_3.28_3222,X365.2672_3.09_7645,,X445.3296_3.2_3195,X500.2758_2.81_7384
,X511.3592_3.32_10116,,,X449.3243_2.78_3090,,,X447.3091_3.03_8447,X447.3086_3_2365,,,X322.1756_2.23_2104,,,X317.246_3.15_4787,X463.3034_2.76_4008,X766.6305_4.8_9226,X333.2043_2.63_3091,X447.3086_3_2365,X447.3091_3.03_8447,,,X463.3034_2.63_3031,,,X764.6159_4.78_9837,X449.3243_2.78_3090,,,X449.3245_2.85_3249,X421.3298_3.28_3222,X274.1757_2.17_6453,X445.3293_3.09_2249,,X348.1756_0.4_5032,X778.5329_3.62_8278
,,,,X463.3034_2.63_3031,,,X447.3086_3_2365,X564.304_2.81_9730,,,X395.2046_2.63_6321,,,X449.3243_2.78_3090,X449.3245_2.85_3249,X445.2936_2.97_4175,X463.3034_2.76_4008,,X447.3086_3_2365,,,X217.1908_2.2_5690,,,X445.2936_2.97_4175,X463.3034_2.63_3031,,,X764.6159_4.78_9837,X274.1757_2.17_6453,X365.2672_3.09_7645,X477.2091_2.38_6951,,X564.304_2.81_9730,
,,,,X217.1908_2.2_5690,,,X272.2573_2.71_552,X500.2758_2.81_7384,,,X677.5479_4.09_9570,,,X463.3034_2.63_3031,X766.6305_4.8_9226,X447.3091_3.03_8447,X522.7973_2.9_9130,,,,,X395.205_2.58_4511,,,X806.5504_3.26_8078,X217.1908_2.2_5690,,,X445.2936_2.97_4175,X365.2672_3.09_7645,X445.3293_3.09_2249,X249.1119_2.35_9523,,X500.2758_2.81_7384,
,,,,X395.205_2.58_4511,,,X445.3296_3.2_3195,X605.314_4.01_10145,,,X283.1148_2.23_9537,,,X864.5688_3.55_9342,X445.2936_2.97_4175,X447.3086_3_2365,X592.3225_2.55_8217,,,,,X595.4317_3.87_9306,,,X447.3091_3.03_8447,X395.205_2.58_4511,,,X806.5504_3.26_8078,X445.3293_3.09_2249,X477.2091_2.38_6951,X427.2309_2.56_4479,,,
,,,,X595.4317_3.87_9306,,,X564.304_2.81_9730,X258.1125_2.19_8597,,,X449.3243_2.78_3090,,,X449.3245_2.85_3249,X447.3091_3.03_8447,,X349.2353_3.05_7397,,,,,X294.2406_2.73_9626,,,X447.3086_3_2365,X595.4317_3.87_9306,,,X447.3091_3.03_8447,X477.2091_2.38_6951,X249.1119_2.35_9523,X265.1044_2.33_9783,,,
,,,,X294.2406_2.73_9626,,,X500.2758_2.81_7384,,,,X463.3034_2.63_3031,,,X764.6159_4.78_9837,X447.3086_3_2365,,X806.5504_3.26_8078,,,,,X773.5277_3.87_9322,,,X272.2573_2.71_552,X294.2406_2.73_9626,,,X447.3086_3_2365,X249.1119_2.35_9523,X427.2309_2.56_4479,X263.127_2.42_2465,,,
,,,,X773.5277_3.87_9322,,,X778.5329_3.62_8278,,,,X217.1908_2.2_5690,,,X445.2936_2.97_4175,,,X447.3086_3_2365,,,,,X764.6162_4.36_9228,,,X445.3296_3.2_3195,X773.5277_3.87_9322,,,X272.2573_2.71_552,X427.2309_2.56_4479,X265.1044_2.33_9783,X449.2135_2.6_8631,,,
,,,,X764.6162_4.36_9228,,,X369.1813_2.93_9633,,,,X395.205_2.58_4511,,,X806.5504_3.26_8078,,,X272.2573_2.71_552,,,,,X245.2216_2.42_5149,,,X564.304_2.81_9730,X764.6162_4.36_9228,,,X564.304_2.81_9730,X265.1044_2.33_9783,X263.127_2.42_2465,X322.1756_2.23_2104,,,
,,,,X245.2216_2.42_5149,,,X258.1125_2.19_8597,,,,X595.4317_3.87_9306,,,X447.3091_3.03_8447,,,X185.9595_0.25_1537,,,,,X333.2043_2.63_3091,,,X500.2758_2.81_7384,X245.2216_2.42_5149,,,X500.2758_2.81_7384,X263.127_2.42_2465,X449.2135_2.6_8631,X395.2046_2.63_6321,,,
,,,,X333.2043_2.63_3091,,,X511.3592_3.32_10116,,,,X294.2406_2.73_9626,,,X447.3086_3_2365,,,X673.5249_3.3_9841,,,,,X463.3034_2.76_4008,,,X778.5329_3.62_8278,X333.2043_2.63_3091,,,X778.5329_3.62_8278,X449.2135_2.6_8631,X322.1756_2.23_2104,X677.5479_4.09_9570,,,
,,,,X463.3034_2.76_4008,,,,,,,X773.5277_3.87_9322,,,X272.2573_2.71_552,,,X348.1756_0.4_5032,,,,,X449.3245_2.85_3249,,,X419.3503_3.41_3241,X463.3034_2.76_4008,,,X419.3503_3.41_3241,X322.1756_2.23_2104,X395.2046_2.63_6321,X283.1148_2.23_9537,,,
,,,,X449.3245_2.85_3249,,,,,,,X764.6162_4.36_9228,,,X564.304_2.81_9730,,,X256.2261_3.39_3941,,,,,X522.7973_2.9_9130,,,X369.1813_2.93_9633,X449.3245_2.85_3249,,,X258.1125_2.19_8597,X395.2046_2.63_6321,X677.5479_4.09_9570,X217.1908_2.2_5690,,,
,,,,X522.7973_2.9_9130,,,,,,,X245.2216_2.42_5149,,,X500.2758_2.81_7384,,,X1061.6514_2.86_9038,,,,,X592.3225_2.55_8217,,,X258.1125_2.19_8597,X522.7973_2.9_9130,,,,X677.5479_4.09_9570,X283.1148_2.23_9537,X395.205_2.58_4511,,,
,,,,X592.3225_2.55_8217,,,,,,,X333.2043_2.63_3091,,,X778.5329_3.62_8278,,,X590.3197_2.86_9649,,,,,X349.2353_3.05_7397,,,X511.3592_3.32_10116,X592.3225_2.55_8217,,,,X283.1148_2.23_9537,X449.3243_2.78_3090,X595.4317_3.87_9306,,,
,,,,X349.2353_3.05_7397,,,,,,,X463.3034_2.76_4008,,,X605.314_4.01_10145,,,X778.5329_3.62_8278,,,,,X445.2936_2.97_4175,,,,X349.2353_3.05_7397,,,,X449.3243_2.78_3090,X463.3034_2.63_3031,X294.2406_2.73_9626,,,
,,,,X445.2936_2.97_4175,,,,,,,X449.3245_2.85_3249,,,X369.1813_2.93_9633,,,X123.0553_0.3_4171,,,,,X806.5504_3.26_8078,,,,X445.2936_2.97_4175,,,,X463.3034_2.63_3031,X217.1908_2.2_5690,X773.5277_3.87_9322,,,
,,,,X806.5504_3.26_8078,,,,,,,X522.7973_2.9_9130,,,X258.1125_2.19_8597,,,X526.2913_2.85_4038,,,,,X447.3091_3.03_8447,,,,X806.5504_3.26_8078,,,,X217.1908_2.2_5690,X395.205_2.58_4511,X764.6162_4.36_9228,,,
,,,,X447.3091_3.03_8447,,,,,,,X592.3225_2.55_8217,,,,,,X732.5512_3.71_9851,,,,,X447.3086_3_2365,,,,X447.3091_3.03_8447,,,,X395.205_2.58_4511,X595.4317_3.87_9306,X245.2216_2.42_5149,,,
,,,,X447.3086_3_2365,,,,,,,X349.2353_3.05_7397,,,,,,X791.5394_4.11_9746,,,,,X272.2573_2.71_552,,,,X447.3086_3_2365,,,,X595.4317_3.87_9306,X294.2406_2.73_9626,X333.2043_2.63_3091,,,
,,,,X272.2573_2.71_552,,,,,,,X445.2936_2.97_4175,,,,,,X369.1813_2.93_9633,,,,,X445.3296_3.2_3195,,,,X272.2573_2.71_552,,,,X294.2406_2.73_9626,X773.5277_3.87_9322,X463.3034_2.76_4008,,,
,,,,X185.9595_0.25_1537,,,,,,,X806.5504_3.26_8078,,,,,,X864.5688_3.55_9342,,,,,X564.304_2.81_9730,,,,X564.304_2.81_9730,,,,X773.5277_3.87_9322,X764.6162_4.36_9228,X522.7973_2.9_9130,,,
,,,,X673.5249_3.3_9841,,,,,,,X447.3091_3.03_8447,,,,,,X766.6305_4.8_9226,,,,,X500.2758_2.81_7384,,,,X500.2758_2.81_7384,,,,X764.6162_4.36_9228,X245.2216_2.42_5149,X592.3225_2.55_8217,,,
,,,,X445.3296_3.2_3195,,,,,,,X447.3086_3_2365,,,,,,,,,,,X1061.6514_2.86_9038,,,,X1061.6514_2.86_9038,,,,X245.2216_2.42_5149,X333.2043_2.63_3091,X349.2353_3.05_7397,,,
,,,,X564.304_2.81_9730,,,,,,,X272.2573_2.71_552,,,,,,,,,,,X590.3197_2.86_9649,,,,X590.3197_2.86_9649,,,,X333.2043_2.63_3091,X463.3034_2.76_4008,,,,
,,,,X500.2758_2.81_7384,,,,,,,X564.304_2.81_9730,,,,,,,,,,,X778.5329_3.62_8278,,,,X778.5329_3.62_8278,,,,X463.3034_2.76_4008,X449.3245_2.85_3249,,,,
,,,,X1061.6514_2.86_9038,,,,,,,X256.2261_3.39_3941,,,,,,,,,,,X526.2913_2.85_4038,,,,X123.0553_0.3_4171,,,,X449.3245_2.85_3249,X522.7973_2.9_9130,,,,
,,,,X590.3197_2.86_9649,,,,,,,X500.2758_2.81_7384,,,,,,,,,,,X732.5512_3.71_9851,,,,X526.2913_2.85_4038,,,,X522.7973_2.9_9130,X592.3225_2.55_8217,,,,
,,,,X778.5329_3.62_8278,,,,,,,X1061.6514_2.86_9038,,,,,,,,,,,X419.3503_3.41_3241,,,,X732.5512_3.71_9851,,,,X592.3225_2.55_8217,X349.2353_3.05_7397,,,,
,,,,X123.0553_0.3_4171,,,,,,,X590.3197_2.86_9649,,,,,,,,,,,X369.1813_2.93_9633,,,,X419.3503_3.41_3241,,,,X349.2353_3.05_7397,X445.2936_2.97_4175,,,,
,,,,X526.2913_2.85_4038,,,,,,,X778.5329_3.62_8278,,,,,,,,,,,X258.1125_2.19_8597,,,,X258.1125_2.19_8597,,,,X445.2936_2.97_4175,X806.5504_3.26_8078,,,,
,,,,X732.5512_3.71_9851,,,,,,,X123.0553_0.3_4171,,,,,,,,,,,X511.3592_3.32_10116,,,,,,,,X806.5504_3.26_8078,X447.3091_3.03_8447,,,,
,,,,X369.1813_2.93_9633,,,,,,,X526.2913_2.85_4038,,,,,,,,,,,,,,,,,,,X447.3091_3.03_8447,X447.3086_3_2365,,,,
,,,,X258.1125_2.19_8597,,,,,,,X732.5512_3.71_9851,,,,,,,,,,,,,,,,,,,X447.3086_3_2365,,,,,
,,,,X511.3592_3.32_10116,,,,,,,X605.314_4.01_10145,,,,,,,,,,,,,,,,,,,,,,,,
,,,,,,,,,,,X369.1813_2.93_9633,,,,,,,,,,,,,,,,,,,,,,,,
,,,,,,,,,,,X258.1125_2.19_8597,,,,,,,,,,,,,,,,,,,,,,,,
